# penguinOS, 4 MB, TWO APP SLOTS.
#
# This replaced a single 3 MB "factory" slot when updating over the web became
# a feature. OTA needs somewhere to write the new image that is not the image
# currently running, plus an otadata region recording which of the two the
# bootloader should pick - so a 4 MB part has to carry the app twice and there
# is no arrangement in which that is roomy.
#
# THE ARITHMETIC, because every field here is the consequence of another:
#
#   bootloader              0x0000 .. 0x9000    the first free offset is 0x9000
#   nvs        24 KB        Wi-Fi credentials, BLE bonds, the flasher's board id
#   phy_init    4 KB        radio calibration
#   otadata     8 KB        which slot boots. TWO 4 KB sectors, not one: the
#                           bootloader writes them alternately so a power cut
#                           during a switch leaves the other one intact.
#   ota_0    1,664 KB       app slot A, at 0x20000
#   ota_1    1,664 KB       app slot B
#   int        640 KB       LittleFS: themes, buddies, settings.json
#                           ------
#                           4,096 KB exactly. There is no slack.
#
# App partitions must start on a 64 KB boundary, which is why ota_0 begins at
# 0x20000 and not immediately after otadata, and why the slot size is a multiple
# of 0x10000.
#
# 1,664 KB against an image of about 1,490 KB leaves roughly 174 KB - a little
# over 10%. That is the number to watch: the app grew by more than that in a
# single afternoon once. `idf.py size` reports it, and a build that overflows a
# slot says so at link time rather than at update time.
#
# int WENT FROM 960 KB TO 640 KB and MOVED from 0x310000 to 0x360000. Moving it
# is why installing this table costs one USB flash per board and loses whatever
# was on the filesystem: the data is still in the flash, at an offset nothing
# looks at any more. Boards keep their nvs - the flasher does not rewrite a
# stamp that is already correct - so Wi-Fi credentials and names survive.
# Name,     Type, SubType,  Offset,    Size,
nvs,        data, nvs,      0x9000,    0x6000,
phy_init,   data, phy,      0xF000,    0x1000,
otadata,    data, ota,      0x10000,   0x2000,
ota_0,      app,  ota_0,    0x20000,   0x1A0000,
ota_1,      app,  ota_1,    0x1C0000,  0x1A0000,
int,        data, littlefs, 0x360000,  0xA0000,
